group,backtest_mape,test_mape,backtest_mae,test_mae,backtest_rmse,test_rmse,model
Mallin01,113.46987754430285,84.44037318205642,0.5717343282511573,0.944907627912921,0.5782962487176422,1.0954148629523732,"BlockLSTM(icl=6,tl=6,hd=16)"
