group,train_mape,test_mape,train_mae,test_mae,train_rmse,test_rmse,model
Mallin01,108.78384087449183,106.37152060492171,1.329950026827138,1.0359433548347672,1.3300330928901962,1.1401657484678491,"BlockLSTM(icl=12,tl=12,hd=16)"
