group,train_mape,test_mape,train_mae,test_mae,train_rmse,test_rmse,model
Mallin01,110.80077632962357,112.39093417541405,1.3547337120330636,1.0666774816690678,1.3551633033632176,1.1711023359842876,"BlockLSTM(icl=12,tl=12,hd=256)"
