group,train_mape,test_mape,train_mae,test_mae,train_rmse,test_rmse,model
Mallin01,109.29560507986656,105.30832333622038,1.3362465328913635,1.0217591881265413,1.3364110525264317,1.1255916293960992,"BlockLSTM(icl=12,tl=12,hd=64)"
